{"cameraMode":{"drawMode":0,"name":"Shaded","section":"Shading Mode"},"sceneLighting":true,"audioPlay":false,"sceneViewState":{"showFog":true,"showMaterialUpdate":false,"showSkybox":true,"showFlares":true,"showImageEffects":true,"showParticleSystems":true},"in2DMode":false,"pivot":{"x":-40.2935905456543,"y":-6.844685077667236,"z":-13.161979675292969},"rotation":{"x":0.1627066731452942,"y":0.06654119491577149,"z":-0.010998638346791268,"w":0.9843671917915344},"size":40.43111801147461,"orthographic":false}