{"cameraMode":{"drawMode":0,"name":"Shaded","section":"Shading Mode"},"sceneLighting":false,"audioPlay":false,"sceneViewState":{"showFog":true,"showMaterialUpdate":false,"showSkybox":false,"showFlares":true,"showImageEffects":true,"showParticleSystems":true},"in2DMode":false,"pivot":{"x":-0.8581756353378296,"y":-0.9143155813217163,"z":2.1383044719696047},"rotation":{"x":0.2253217101097107,"y":-0.09191574901342392,"z":0.021357372403144838,"w":0.9697045087814331},"size":4.367021083831787,"orthographic":false}