{"cameraMode":{"drawMode":0,"name":"Shaded","section":"Shading Mode"},"sceneLighting":false,"audioPlay":false,"sceneViewState":{"showFog":true,"showMaterialUpdate":false,"showSkybox":false,"showFlares":true,"showImageEffects":true,"showParticleSystems":true},"in2DMode":false,"pivot":{"x":-44.058902740478519,"y":0.22344541549682618,"z":-49.80821990966797},"rotation":{"x":0.14973831176757813,"y":-0.7337772250175476,"z":0.1716616451740265,"w":0.6400647759437561},"size":4.975915908813477,"orthographic":false}