{"cameraMode":{"drawMode":0,"name":"Shaded","section":"Shading Mode"},"sceneLighting":false,"audioPlay":false,"sceneViewState":{"showFog":true,"showMaterialUpdate":false,"showSkybox":false,"showFlares":true,"showImageEffects":true,"showParticleSystems":true},"in2DMode":false,"pivot":{"x":-47.65918731689453,"y":0.3970797061920166,"z":-47.184757232666019},"rotation":{"x":0.15861085057258607,"y":-0.017775792628526689,"z":0.002855998929589987,"w":0.9871774911880493},"size":6.028064727783203,"orthographic":false}