{"cameraMode":{"drawMode":0,"name":"Shaded","section":"Shading Mode"},"sceneLighting":false,"audioPlay":false,"sceneViewState":{"showFog":true,"showMaterialUpdate":false,"showSkybox":false,"showFlares":true,"showImageEffects":true,"showParticleSystems":true},"in2DMode":false,"pivot":{"x":5.074095726013184,"y":-1.6273524761199952,"z":-1.1879913806915284},"rotation":{"x":0.2317110300064087,"y":0.06123339757323265,"z":-0.01461613830178976,"w":0.9707457423210144},"size":3.1922104358673097,"orthographic":false}