{"cameraMode":{"drawMode":0,"name":"Shaded","section":"Shading Mode"},"sceneLighting":false,"audioPlay":false,"sceneViewState":{"showFog":true,"showMaterialUpdate":false,"showSkybox":false,"showFlares":true,"showImageEffects":true,"showParticleSystems":true},"in2DMode":false,"pivot":{"x":0.20732443034648896,"y":4.943685054779053,"z":-1.2981626987457276},"rotation":{"x":0.14973831176757813,"y":-0.7337772250175476,"z":0.1716616451740265,"w":0.6400647759437561},"size":2.560530185699463,"orthographic":false}