{"cameraMode":{"drawMode":0,"name":"Shaded","section":"Shading Mode"},"sceneLighting":true,"audioPlay":false,"sceneViewState":{"showFog":true,"showMaterialUpdate":false,"showSkybox":true,"showFlares":true,"showImageEffects":true,"showParticleSystems":true},"in2DMode":false,"pivot":{"x":540.7467041015625,"y":367.3565673828125,"z":64.99981689453125},"rotation":{"x":0.06925401091575623,"y":-0.0015011770883575082,"z":0.00010418882447993383,"w":0.9975983500480652},"size":750.684326171875,"orthographic":false}