{"cameraMode":{"drawMode":0,"name":"Shaded","section":"Shading Mode"},"sceneLighting":false,"audioPlay":false,"sceneViewState":{"showFog":true,"showMaterialUpdate":false,"showSkybox":false,"showFlares":true,"showImageEffects":true,"showParticleSystems":true},"in2DMode":false,"pivot":{"x":716.5206909179688,"y":367.33203125,"z":-4.0445556640625},"rotation":{"x":0.10350387543439865,"y":0.04771857336163521,"z":-0.004971539136022329,"w":0.9934717416763306},"size":668.1224365234375,"orthographic":false}