{"cameraMode":{"drawMode":0,"name":"Shaded","section":"Shading Mode"},"sceneLighting":false,"audioPlay":false,"sceneViewState":{"showFog":true,"showMaterialUpdate":false,"showSkybox":false,"showFlares":true,"showImageEffects":true,"showParticleSystems":true},"in2DMode":false,"pivot":{"x":1.8411287069320679,"y":-1.7866551876068116,"z":-3.314030170440674},"rotation":{"x":0.23842497169971467,"y":-0.5450979471206665,"z":0.1652257889509201,"w":0.7865898609161377},"size":1.7765352725982667,"orthographic":false}