{"cameraMode":{"drawMode":0,"name":"Shaded","section":"Shading Mode"},"sceneLighting":false,"audioPlay":false,"sceneViewState":{"showFog":true,"showMaterialUpdate":false,"showSkybox":false,"showFlares":true,"showImageEffects":true,"showParticleSystems":true},"in2DMode":false,"pivot":{"x":983.6121826171875,"y":477.6558532714844,"z":-6.4166259765625},"rotation":{"x":0.10350387543439865,"y":0.04771857336163521,"z":-0.004971539136022329,"w":0.9934717416763306},"size":1063.1217041015625,"orthographic":false}