{"cameraMode":{"drawMode":0,"name":"Shaded","section":"Shading Mode"},"sceneLighting":false,"audioPlay":false,"sceneViewState":{"showFog":true,"showMaterialUpdate":false,"showSkybox":false,"showFlares":true,"showImageEffects":true,"showParticleSystems":true},"in2DMode":false,"pivot":{"x":1.442967414855957,"y":4.419701099395752,"z":-0.5201177597045898},"rotation":{"x":-0.11662758886814118,"y":-0.7473498582839966,"z":0.13623443245887757,"w":-0.6398016810417175},"size":13.947322845458985,"orthographic":false}