{"cameraMode":{"drawMode":0,"name":"Shaded","section":"Shading Mode"},"sceneLighting":true,"audioPlay":false,"sceneViewState":{"showFog":true,"showMaterialUpdate":false,"showSkybox":true,"showFlares":true,"showImageEffects":true,"showParticleSystems":true},"in2DMode":false,"pivot":{"x":-46.88783264160156,"y":-19.632640838623048,"z":-25.39183807373047},"rotation":{"x":0.33704689145088198,"y":0.011555047705769539,"z":-0.004148309584707022,"w":0.9414198398590088},"size":36.2994499206543,"orthographic":false}