{"cameraMode":{"drawMode":0,"name":"Shaded","section":"Shading Mode"},"sceneLighting":false,"audioPlay":false,"sceneViewState":{"showFog":true,"showMaterialUpdate":false,"showSkybox":false,"showFlares":true,"showImageEffects":true,"showParticleSystems":true},"in2DMode":false,"pivot":{"x":0.9685101509094238,"y":2.0791873931884767,"z":-5.693690299987793},"rotation":{"x":-0.014662752859294415,"y":-0.980339527130127,"z":0.07988707721233368,"w":-0.1799343079328537},"size":11.919462203979493,"orthographic":false}