{"cameraMode":{"drawMode":0,"name":"Shaded","section":"Shading Mode"},"sceneLighting":false,"audioPlay":false,"sceneViewState":{"showFog":true,"showMaterialUpdate":false,"showSkybox":false,"showFlares":true,"showImageEffects":true,"showParticleSystems":true},"in2DMode":false,"pivot":{"x":0.2067655324935913,"y":4.70216703414917,"z":-1.731028437614441},"rotation":{"x":0.03996621444821358,"y":-0.8876580595970154,"z":-0.07848824560642243,"w":-0.45204272866249087},"size":2.5605311393737795,"orthographic":false}