{"cameraMode":{"drawMode":0,"name":"Shaded","section":"Shading Mode"},"sceneLighting":false,"audioPlay":false,"sceneViewState":{"showFog":true,"showMaterialUpdate":false,"showSkybox":false,"showFlares":true,"showImageEffects":true,"showParticleSystems":true},"in2DMode":false,"pivot":{"x":0.9790511131286621,"y":3.5752158164978029,"z":-2.9974160194396974},"rotation":{"x":-0.16813410818576814,"y":-0.7976939678192139,"z":0.25888314843177798,"w":-0.518104076385498},"size":5.023263931274414,"orthographic":false}