{"cameraMode":{"drawMode":0,"name":"Shaded","section":"Shading Mode"},"sceneLighting":true,"audioPlay":false,"sceneViewState":{"showFog":true,"showMaterialUpdate":false,"showSkybox":true,"showFlares":true,"showImageEffects":true,"showParticleSystems":true},"in2DMode":false,"pivot":{"x":-29.870880126953126,"y":12.664473533630371,"z":-10.258920669555664},"rotation":{"x":-0.28142210841178896,"y":0.28052425384521487,"z":-0.08640158176422119,"w":-0.9136041402816773},"size":4.524102687835693,"orthographic":false}