{"cameraMode":{"drawMode":0,"name":"Shaded","section":"Shading Mode"},"sceneLighting":false,"audioPlay":false,"sceneViewState":{"showFog":true,"showMaterialUpdate":false,"showSkybox":false,"showFlares":true,"showImageEffects":true,"showParticleSystems":true},"in2DMode":false,"pivot":{"x":2.489961624145508,"y":5.553422927856445,"z":-7.678693771362305},"rotation":{"x":0.04919245094060898,"y":0.8287674784660339,"z":-0.0737931877374649,"w":0.5525327324867249},"size":12.559844970703125,"orthographic":false}