{"cameraMode":{"drawMode":0,"name":"Shaded","section":"Shading Mode"},"sceneLighting":true,"audioPlay":false,"sceneViewState":{"showFog":true,"showMaterialUpdate":false,"showSkybox":false,"showFlares":true,"showImageEffects":true,"showParticleSystems":true},"in2DMode":false,"pivot":{"x":13.74959945678711,"y":14.28989028930664,"z":-8.591240882873536},"rotation":{"x":-0.07502757757902146,"y":0.8961054086685181,"z":-0.16612966358661652,"w":-0.4046980142593384},"size":36.295501708984378,"orthographic":false}