{"cameraMode":{"drawMode":0,"name":"Shaded","section":"Shading Mode"},"sceneLighting":false,"audioPlay":false,"sceneViewState":{"showFog":true,"showMaterialUpdate":false,"showSkybox":false,"showFlares":true,"showImageEffects":true,"showParticleSystems":true},"in2DMode":false,"pivot":{"x":-0.7063908576965332,"y":-0.9722421169281006,"z":0.22993436455726624},"rotation":{"x":0.28677141666412356,"y":-0.6424198746681213,"z":0.2825097143650055,"w":0.6521162986755371},"size":3.4364304542541506,"orthographic":false}