{"cameraMode":{"drawMode":0,"name":"Shaded","section":"Shading Mode"},"sceneLighting":false,"audioPlay":false,"sceneViewState":{"showFog":true,"showMaterialUpdate":false,"showSkybox":false,"showFlares":true,"showImageEffects":true,"showParticleSystems":true},"in2DMode":false,"pivot":{"x":18.360342025756837,"y":-2.669886589050293,"z":-3.3642728328704836},"rotation":{"x":-0.176897794008255,"y":-0.6974465250968933,"z":0.18428951501846314,"w":-0.6695933938026428},"size":27.632169723510743,"orthographic":false}