{"cameraMode":{"drawMode":0,"name":"Shaded","section":"Shading Mode"},"sceneLighting":false,"audioPlay":false,"sceneViewState":{"showFog":true,"showMaterialUpdate":false,"showSkybox":false,"showFlares":true,"showImageEffects":true,"showParticleSystems":true},"in2DMode":false,"pivot":{"x":4.120998859405518,"y":-1.168152928352356,"z":3.3086280822753908},"rotation":{"x":0.12391632050275803,"y":0.41367700695991518,"z":-0.056952156126499179,"w":0.900158703327179},"size":8.229788780212403,"orthographic":false}