{"cameraMode":{"drawMode":0,"name":"Shaded","section":"Shading Mode"},"sceneLighting":false,"audioPlay":false,"sceneViewState":{"showFog":true,"showMaterialUpdate":false,"showSkybox":false,"showFlares":true,"showImageEffects":true,"showParticleSystems":true},"in2DMode":false,"pivot":{"x":0.0019112825393676758,"y":0.022604037076234819,"z":0.018776416778564454},"rotation":{"x":-0.024117466062307359,"y":-0.1247263103723526,"z":0.0030350382439792158,"w":-0.9919036030769348},"size":1.1950886249542237,"orthographic":false}