{"cameraMode":{"drawMode":0,"name":"Shaded","section":"Shading Mode"},"sceneLighting":false,"audioPlay":false,"sceneViewState":{"showFog":true,"showMaterialUpdate":false,"showSkybox":false,"showFlares":true,"showImageEffects":true,"showParticleSystems":true},"in2DMode":false,"pivot":{"x":0.19389796257019044,"y":-0.034879088401794437,"z":-0.23040854930877686},"rotation":{"x":-0.10965640097856522,"y":-0.6807109117507935,"z":0.1041431576013565,"w":-0.716789960861206},"size":1.8577134609222413,"orthographic":false}