{"cameraMode":{"drawMode":0,"name":"Shaded","section":"Shading Mode"},"sceneLighting":false,"audioPlay":false,"sceneViewState":{"showFog":true,"showMaterialUpdate":false,"showSkybox":false,"showFlares":true,"showImageEffects":true,"showParticleSystems":true},"in2DMode":false,"pivot":{"x":-0.09691920131444931,"y":1.0690196752548218,"z":-0.154571533203125},"rotation":{"x":0.0017348513938486577,"y":0.9903848767280579,"z":-0.13786017894744874,"w":0.012496142648160458},"size":3.5019936561584474,"orthographic":false}