{"cameraMode":{"drawMode":0,"name":"Shaded","section":"Shading Mode"},"sceneLighting":true,"audioPlay":false,"sceneViewState":{"showFog":true,"showMaterialUpdate":false,"showSkybox":true,"showFlares":true,"showImageEffects":true,"showParticleSystems":true},"in2DMode":false,"pivot":{"x":-43.385093688964847,"y":-256.2333068847656,"z":196.94757080078126},"rotation":{"x":0.3970514237880707,"y":0.004380564671009779,"z":-0.001906328252516687,"w":0.9177969098091126},"size":367.357421875,"orthographic":false}