{"cameraMode":{"drawMode":0,"name":"Shaded","section":"Shading Mode"},"sceneLighting":false,"audioPlay":false,"sceneViewState":{"showFog":true,"showMaterialUpdate":false,"showSkybox":false,"showFlares":true,"showImageEffects":true,"showParticleSystems":true},"in2DMode":false,"pivot":{"x":1.2622677087783814,"y":0.6663542985916138,"z":1.1533358097076417},"rotation":{"x":-0.34052774310112,"y":-0.6545989513397217,"z":0.42544475197792055,"w":-0.5239966511726379},"size":1.8361703157424927,"orthographic":false}