{"cameraMode":{"drawMode":0,"name":"Shaded","section":"Shading Mode"},"sceneLighting":false,"audioPlay":false,"sceneViewState":{"showFog":true,"showMaterialUpdate":false,"showSkybox":false,"showFlares":true,"showImageEffects":true,"showParticleSystems":true},"in2DMode":false,"pivot":{"x":-41.71772003173828,"y":0.3566219210624695,"z":29.110225677490236},"rotation":{"x":0.0960908904671669,"y":0.03609997779130936,"z":-0.0035012115258723499,"w":0.9947258234024048},"size":4.47458028793335,"orthographic":false}