{"cameraMode":{"drawMode":0,"name":"Shaded","section":"Shading Mode"},"sceneLighting":false,"audioPlay":false,"sceneViewState":{"showFog":true,"showMaterialUpdate":false,"showSkybox":false,"showFlares":true,"showImageEffects":true,"showParticleSystems":true},"in2DMode":false,"pivot":{"x":-0.7193511724472046,"y":-0.30222874879837038,"z":1.102219820022583},"rotation":{"x":-0.18825188279151917,"y":0.2891828715801239,"z":-0.05810520425438881,"w":-0.9367946982383728},"size":3.357713222503662,"orthographic":false}