{"cameraMode":{"drawMode":0,"name":"Shaded","section":"Shading Mode"},"sceneLighting":false,"audioPlay":false,"sceneViewState":{"showFog":true,"showMaterialUpdate":false,"showSkybox":false,"showFlares":true,"showImageEffects":true,"showParticleSystems":true},"in2DMode":false,"pivot":{"x":4.0990400314331059,"y":-4.096899032592773,"z":-0.2888774871826172},"rotation":{"x":-0.2930937707424164,"y":-0.18377426266670228,"z":0.05752439796924591,"w":-0.9365090131759644},"size":5.826027870178223,"orthographic":false}