{"cameraMode":{"drawMode":0,"name":"Shaded","section":"Shading Mode"},"sceneLighting":false,"audioPlay":false,"sceneViewState":{"showFog":true,"showMaterialUpdate":false,"showSkybox":false,"showFlares":true,"showImageEffects":true,"showParticleSystems":true},"in2DMode":false,"pivot":{"x":1.5519859790802003,"y":-3.781789779663086,"z":-1.5398778915405274},"rotation":{"x":-0.3734179735183716,"y":0.11480370163917542,"z":-0.046622343361377719,"w":-0.91937255859375},"size":4.326026916503906,"orthographic":false}