{"cameraMode":{"drawMode":0,"name":"Shaded","section":"Shading Mode"},"sceneLighting":false,"audioPlay":false,"sceneViewState":{"showFog":true,"showMaterialUpdate":false,"showSkybox":false,"showFlares":true,"showImageEffects":true,"showParticleSystems":true},"in2DMode":false,"pivot":{"x":3.1061878204345705,"y":-2.730602264404297,"z":-5.292417526245117},"rotation":{"x":-0.06438912451267243,"y":-0.7482100129127502,"z":0.07342028617858887,"w":-0.6562610268592835},"size":6.535550117492676,"orthographic":false}