{"cameraMode":{"drawMode":0,"name":"Shaded","section":"Shading Mode"},"sceneLighting":true,"audioPlay":false,"sceneViewState":{"showFog":true,"showMaterialUpdate":false,"showSkybox":false,"showFlares":true,"showImageEffects":true,"showParticleSystems":true},"in2DMode":false,"pivot":{"x":81.95226287841797,"y":51.78099060058594,"z":17.48866081237793},"rotation":{"x":-0.05422776937484741,"y":0.9320513010025024,"z":-0.15693329274654389,"w":-0.3220643699169159},"size":40.010372161865237,"orthographic":false}