{"cameraMode":{"drawMode":0,"name":"Shaded","section":"Shading Mode"},"sceneLighting":true,"audioPlay":false,"sceneViewState":{"showFog":true,"showMaterialUpdate":false,"showSkybox":true,"showFlares":true,"showImageEffects":true,"showParticleSystems":true},"in2DMode":false,"pivot":{"x":-44.83616638183594,"y":-2.0842480659484865,"z":-49.38882064819336},"rotation":{"x":-0.40229561924934389,"y":-0.5555723905563355,"z":0.35049378871917727,"w":-0.6377002596855164},"size":3.5439162254333498,"orthographic":false}