{"cameraMode":{"drawMode":0,"name":"Shaded","section":"Shading Mode"},"sceneLighting":false,"audioPlay":false,"sceneViewState":{"showFog":true,"showMaterialUpdate":false,"showSkybox":false,"showFlares":true,"showImageEffects":true,"showParticleSystems":true},"in2DMode":false,"pivot":{"x":0.6388342380523682,"y":2.252987861633301,"z":-0.43376779556274416},"rotation":{"x":-0.12019384652376175,"y":-0.7392066121101379,"z":0.1370479166507721,"w":-0.6483656167984009},"size":22.130643844604493,"orthographic":false}