{"cameraMode":{"drawMode":0,"name":"Shaded","section":"Shading Mode"},"sceneLighting":false,"audioPlay":false,"sceneViewState":{"showFog":true,"showMaterialUpdate":false,"showSkybox":false,"showFlares":true,"showImageEffects":true,"showParticleSystems":true},"in2DMode":false,"pivot":{"x":1.4929543733596802,"y":-2.058231830596924,"z":2.1587679386138918},"rotation":{"x":0.2773277759552002,"y":0.1892302930355072,"z":-0.055813420563936236,"w":0.9403058886528015},"size":5.095088958740234,"orthographic":false}