{"cameraMode":{"drawMode":0,"name":"Shaded","section":"Shading Mode"},"sceneLighting":false,"audioPlay":false,"sceneViewState":{"showFog":true,"showMaterialUpdate":false,"showSkybox":false,"showFlares":true,"showImageEffects":true,"showParticleSystems":true},"in2DMode":false,"pivot":{"x":-1.1920928955078126e-7,"y":6.466833114624023,"z":-2.7064876556396486},"rotation":{"x":0.14333686232566834,"y":0.2525929808616638,"z":-0.03787083178758621,"w":0.9561540484428406},"size":7.087165832519531,"orthographic":false}