{"cameraMode":{"drawMode":0,"name":"Shaded","section":"Shading Mode"},"sceneLighting":true,"audioPlay":false,"sceneViewState":{"showFog":true,"showMaterialUpdate":false,"showSkybox":true,"showFlares":true,"showImageEffects":true,"showParticleSystems":true},"in2DMode":false,"pivot":{"x":-47.19747543334961,"y":0.7462937831878662,"z":-48.84266662597656},"rotation":{"x":0.38015463948249819,"y":-0.3975745737552643,"z":0.1856124997138977,"w":0.8142364025115967},"size":5.591363906860352,"orthographic":false}