{"cameraMode":{"drawMode":0,"name":"Shaded","section":"Shading Mode"},"sceneLighting":false,"audioPlay":false,"sceneViewState":{"showFog":true,"showMaterialUpdate":false,"showSkybox":false,"showFlares":true,"showImageEffects":true,"showParticleSystems":true},"in2DMode":false,"pivot":{"x":7.835916519165039,"y":-7.524784088134766,"z":-17.07140350341797},"rotation":{"x":-0.02100490778684616,"y":-0.9625160098075867,"z":0.25894907116889956,"w":-0.07816030830144882},"size":43.87950134277344,"orthographic":false}