{"cameraMode":{"drawMode":0,"name":"Shaded","section":"Shading Mode"},"sceneLighting":true,"audioPlay":false,"sceneViewState":{"showFog":true,"showMaterialUpdate":false,"showSkybox":false,"showFlares":true,"showImageEffects":true,"showParticleSystems":true},"in2DMode":false,"pivot":{"x":6.318306922912598,"y":12.612217903137207,"z":-7.848176002502441},"rotation":{"x":-0.07502757757902146,"y":0.8961054086685181,"z":-0.16612966358661652,"w":-0.4046980142593384},"size":42.4738883972168,"orthographic":false}