{"cameraMode":{"drawMode":0,"name":"Shaded","section":"Shading Mode"},"sceneLighting":true,"audioPlay":false,"sceneViewState":{"showFog":true,"showMaterialUpdate":false,"showSkybox":true,"showFlares":true,"showImageEffects":true,"showParticleSystems":true},"in2DMode":false,"pivot":{"x":-47.45169448852539,"y":0.015051603317260743,"z":-48.036312103271487},"rotation":{"x":0.32021501660346987,"y":-0.21184910833835603,"z":0.07369329780340195,"w":0.920416533946991},"size":5.102835178375244,"orthographic":false}