{"cameraMode":{"drawMode":0,"name":"Shaded","section":"Shading Mode"},"sceneLighting":false,"audioPlay":false,"sceneViewState":{"showFog":true,"showMaterialUpdate":false,"showSkybox":false,"showFlares":true,"showImageEffects":true,"showParticleSystems":true},"in2DMode":false,"pivot":{"x":-2.0212342739105226,"y":-0.016620635986328126,"z":0.38141727447509768},"rotation":{"x":0.3756224811077118,"y":0.05581027641892433,"z":-0.022677145898342134,"w":0.924825131893158},"size":4.041894912719727,"orthographic":false}